{
    "columns": [
        "needs_parking",
        "adults",
        "room_changed",
        "total_nights",
        "lead_time",
        "company_booking",
        "has_children",
        "has_waiting_list",
        "is_repeated_guest",
        "adr",
        "weekend_flag",
        "arrival_date_week_number",
        "arrival_month_num"
    ],
    "shifts": [
        0.06218194053076503,
        1.857625015771544,
        0.12449005341296211,
        3.428397190562308,
        104.32383185431299,
        0.05607309584892964,
        0.07169743870126592,
        0.031343314968246626,
        0.032489380493754466,
        101.89840560205239,
        0.5646107582958321,
        27.124773941203685,
        6.54271985532237
    ],
    "inv_scales": [
        4.141010059030644,
        1.7437294994519468,
        3.0290040078396707,
        0.39174909334884417,
        0.0093507575831926,
        4.346615928690244,
        3.876154879197397,
        5.739054029227008,
        5.640260093326588,
        0.019592791775036568,
        2.0168996726203896,
        0.07350526860807376,
        0.3235458141477347
    ]
}